Location,Latitude,Longitude,Context,Presence
Tinker Creek,37.29045499715875,-79.9214300671701,"Within months of Tickets’s appearance, however, the book was completely over-shadowed by the release of Pilgrim at Tinker Creek.",Unclear
Tinker Creek,37.29045499715875,-79.9214300671701,"Dillard lived quietly on Tinker Creek in Virginia’s Roanoke Valley, observing the natural world, taking notes, and reading voluminously in a wide variety of disciplines, including theology, philosophy, natural science, and physics.",Physically present
Tinker Creek,37.29045499715875,-79.9214300671701,"I live by a creek, Tinker Creek, in a valley in Virginia’s Blue Ridge.",Physically present
Tinker Creek,37.29045499715875,-79.9214300671701,I think of this house clamped to the side of Tinker Creek as an anchor-hold.,Mentally present
Tinker Creek,37.29045499715875,-79.9214300671701,"West of the house, Tinker Creek makes a sharp loop, so that the creek is both in back of the house, south of me, and also on the other side of the road, north of me.",Unclear
Tinker Creek,37.29045499715875,-79.9214300671701,"When I slide under a barbed-wire fence, cross a field, and run over a sycamore trunk felled across the water, I’m on a little island shaped like a tear in the middle of Tinker Creek.",Unclear
Tinker Creek,37.29045499715875,-79.9214300671701,"It must have been that terrible yellow plant I saw pushing through the flood-damp soil near the log by Tinker Creek, the plant as fleshy and featureless as a slug, that erupted through the floor of my brain as I slept, and burgeoned into the dream of fecundity that woke me up.",Physically present
Tinker Creek,37.29045499715875,-79.9214300671701,After the flood last year I found a big tulip-tree limb that had been wind-thrown into Tinker Creek.,Unclear
Tinker Creek,37.29045499715875,-79.9214300671701,"I was stock-still, looking deep into Tinker Creek from a spot on the bank opposite the house, watching a group of bluegills stare and hang motionless near the bottom of a deep, sunlit pool.",Unclear
Tinker Creek,37.29045499715875,-79.9214300671701,"I wonder whether what I see and seem to understand about nature is merely one of the accidents of freedom, repeated by chance before my eyes, or whether it has any counterpart in the worlds beyond Tinker Creek.",Likely physically present (positive sentiment)
Tinker Creek,37.29045499715875,-79.9214300671701,"The whole universe is a swarm of those wild, wary energies, the sun that glistens from the wet hairs on a muskrat’s back and the stars which the mountains obscure on the horizon but which catch from on high in Tinker Creek.",Unclear
Tinker Creek,37.29045499715875,-79.9214300671701,This magic garden is just on the other side of the oxbow in Tinker Creek; it is secluded because it is hard to approach.,Unclear
Tinker Creek,37.29045499715875,-79.9214300671701,"The cottage is mostly windows—there are five—and the windows are entirely broken, so that my life inside the cottage is mostly Tinker Creek and mud dauber wasps.
",Unclear
Tinker Creek,37.29045499715875,-79.9214300671701,"I think of the swimming bluegill I saw at the Lawsons’, upstream in Tinker Creek on the other side of Tinker Mountain.",Both physically and mentally present
Tinker Creek,37.29045499715875,-79.9214300671701,"I was standing at the bridge over Tinker Creek, at the southern foot of a very steep hill.",Unclear
Tinker Creek,37.29045499715875,-79.9214300671701,"This honeysuckle was an odor already only half-remembered, a breath of the summer past, the Lucas cliffs and overgrown fence by Tinker Creek, a drugged sweetness that had almost cloyed on those moisture-laden nights, now refined to a wary trickle in the air, a distillation pure and rare, scarcely known and mostly lost, and heading south.",Mentally present
Tinker Creek,37.29045499715875,-79.9214300671701,"The quarry path parallels Tinker Creek far upstream from my house, and when the woods broke into clearing and pasture, I followed the creek banks down.",Unclear
Tinker Creek,37.29045499715875,-79.9214300671701,"
This Tinker Creek!",Unclear
Tinker Creek,37.29045499715875,-79.9214300671701,"Where Tinker Creek flows under the sycamore log bridge to the tear-shaped island, it is slow and shallow, fringed thinly in cattail marsh.",Unclear
Tinker Creek,37.29045499715875,-79.9214300671701,I straddle the sycamore log bridge over Tinker Creek in the summer.,Unclear
Tinker Creek,37.29045499715875,-79.9214300671701,Then one day I was walking along Tinker Creek thinking of nothing at all and I saw the tree with the lights in it.,Physically present
Tinker Creek,37.29045499715875,-79.9214300671701,"Everywhere paths unclog; in late fall and winter, and only then, can I scale the cliff to the Lucas orchard, circle the forested quarry pond, or follow the left-hand bank of Tinker Creek downstream.",Unclear
Tinker Creek,37.29045499715875,-79.9214300671701,On my right a woods thickly overgrown with creeper descended the hill’s slope to Tinker Creek.,Unclear
Tinker Creek,37.29045499715875,-79.9214300671701,"The frogs of Tinker Creek are slathered in mud, mud at their eyes and mud at their nostrils; their damp skins absorb a muddy oxygen, and so they pass the dreaming winter.",Unclear
Tinker Creek,37.29045499715875,-79.9214300671701,It is the spit of land enclosed in the oxbow of Tinker Creek.,Unclear
Tinker Creek,37.29045499715875,-79.9214300671701,"Any time you care to get in your car and drive across the country and over the mountains, come into our valley, cross Tinker Creek, drive up the road to the house, walk across the yard, knock on the door and ask to come in and talk about the weather, you’d be welcome.",Likely physically present (positive sentiment)
Tinker Creek,37.29045499715875,-79.9214300671701,"It was a sort of Tinker Creek to her, from which she bore lightly in every direction an invisible news.",Unclear
Tinker Creek,37.29045499715875,-79.9214300671701,"Passing the house again, deciding not to fetch gloves, I walked north to the hill by the place where the steers come to drink from Tinker Creek.",Physically present
Tinker Creek,37.29045499715875,-79.9214300671701,"Shadow Creek is the blue subterranean stream that chills Carvin’s Creek and Tinker Creek; it cuts like ice under the ribs of the mountains, Tinker and Dead Man.",Unclear
Tinker Creek,37.29045499715875,-79.9214300671701,"Two weeks ago, in the dark of night, I bundled up and quit the house for Tinker Creek.",Unclear
Tinker Creek,37.29045499715875,-79.9214300671701,"But that night Tinker Creek had vanished, usurped, and Shadow Creek blocked its banks.",Unclear
Tinker Creek,37.29045499715875,-79.9214300671701,"Once, when Tinker Creek had frozen inches thick at a wide part near the bridge, I found a pileated woodpecker in the sky by its giant shadow flapping blue on the white ice below.",Unclear
Tinker Creek,37.29045499715875,-79.9214300671701,"If I stay at home I preserve the illusion that what is happening on Tinker Creek is the very newest thing, that I’m at the very vanguard and cutting edge of each new season.",Unclear
Tinker Creek,37.29045499715875,-79.9214300671701,"II
I am sitting under a sycamore by Tinker Creek.",Unclear
Tinker Creek,37.29045499715875,-79.9214300671701,"This sycamore above me, below me, by Tinker Creek, is a case in point; the sight of it crowds my brain with an assortment of diverting thoughts, all as present to me as these slivers of pressure from grass on my elbow’s skin.",Mentally present
Tinker Creek,37.29045499715875,-79.9214300671701,It is hard to understand how the same tree could thrive both choking along Pittsburgh’s Penn Avenue and slogging knee-deep in Tinker Creek.,Unclear
Tinker Creek,37.29045499715875,-79.9214300671701,This isn’t Tinker Creek.,Unclear
Tinker Creek,37.29045499715875,-79.9214300671701,I am sitting under a sycamore by Tinker Creek.,Unclear
Tinker Creek,37.29045499715875,-79.9214300671701,"Tinker Creek doesn’t back up, pushed up its own craw, from the Roanoke River; it flows down, easing, from the northern, unseen side of Tinker Mountain.",Unclear
Tinker Creek,37.29045499715875,-79.9214300671701,"But, as in the classic version of the great chain, the pure trickle that leaks from the unfathomable heart of Tinker Mountain, this Tinker Creek, widens, taking shape and cleaving banks, weighted with the live and intricate impurities of time, as it descends to me, to where I happen to find myself, in this intermediate spot, halfway between here and there.",Likely physically present (positive sentiment)
Tinker Creek,37.29045499715875,-79.9214300671701,"But maybe I think things are more difficult than they are, because once, after I had waded and slogged in tennis shoes a quarter of a mile upstream in Tinker Creek, a boy hailed me from the tangled bank.",Mentally present
Tinker Creek,37.29045499715875,-79.9214300671701,Tinker Creek where I live is too fast and rough for most of them.,Unclear
Tinker Creek,37.29045499715875,-79.9214300671701,"I would like to see it all, to understand it, but I must start somewhere, so I try to deal with the giant water bug in Tinker Creek and the flight of three hundred redwings from an Osage orange, with the goldfish bowl and the snakeskin, and let those who dare worry about the birthrate and population explosion among solar systems.",Unclear
Tinker Creek,37.29045499715875,-79.9214300671701,"Again, of an ostracod, a common freshwater crustacean of the sort I crunch on by the thousands every time I set foot in Tinker Creek, I read, “There is one eye situated at the fore-end of the animal.",Unclear
Tinker Creek,37.29045499715875,-79.9214300671701,"Tinker Creek is out of its four-foot banks, way out, and it’s still coming.",Unclear
Tinker Creek,37.29045499715875,-79.9214300671701,The bridge over by the Bings’ on Tinker Creek looks like it’s about to go.,Unclear
Tinker Creek,37.29045499715875,-79.9214300671701,"The handle isn’t so long that they don’t have to stand on the bridge, in Tinker Creek.",Unclear
Tinker Creek,37.29045499715875,-79.9214300671701,"On the same day that I was standing on bridges here over Tinker Creek, a friend, Lee Zacharias, was standing on a bridge in Richmond over the James River.",Unclear
Virginia,37.1232245,-78.4927721,"Dillard lived quietly on Tinker Creek in Virginia’s Roanoke Valley, observing the natural world, taking notes, and reading voluminously in a wide variety of disciplines, including theology, philosophy, natural science, and physics.",Physically present
Virginia,37.1232245,-78.4927721,"In November, back in Virginia, I fooled around with the idea and started filling out five-by-seven index cards with notes from years of reading.",Unclear
Virginia,37.1232245,-78.4927721,"I live by a creek, Tinker Creek, in a valley in Virginia’s Blue Ridge.",Physically present
Virginia,37.1232245,-78.4927721,"A southwest Virginia naturalist noted in his journal for April, 1896, “Mourning-cloaks are plentiful but broken, having lived through the winter.”",Physically present
Virginia,37.1232245,-78.4927721,Sometimes here in Virginia at sunset low clouds on the southern or northern horizon are completely invisible in the lighted sky.,Unclear
Virginia,37.1232245,-78.4927721,They have favorite roosting sites to which they return winter after winter; apparently southwest Virginia is their idea of Miami Beach.,Unclear
Virginia,37.1232245,-78.4927721,"Radford, Virginia, had a little stink of its own a few years ago.",Unclear
Virginia,37.1232245,-78.4927721,"I am dazed from a long day of interstate driving homeward; I pull in at a gas station in Nowhere, Virginia, north of Lexington.",Unclear
Virginia,37.1232245,-78.4927721,I laughed all the way back to Virginia.,Unclear
Virginia,37.1232245,-78.4927721,"The road to Grundy, Virginia, is, as you might expect, a narrow scrawl scribbled all over the most improbably peaked and hunched mountains you ever saw.",Physically present
Virginia,37.1232245,-78.4927721,"Here in Virginia the trees reach enormous proportions, especially in the lowlands on banksides.",Unclear
Virginia,37.1232245,-78.4927721,"In winter the Eskimos could travel with dog sleds and visit; with the coming of warm weather, their pathways, like mine in Virginia, closed.",Likely physically present (positive sentiment)
Virginia,37.1232245,-78.4927721,"If you ever drive through Virginia on the new interstate highway between Christiansburg and Salem, and you feel a slight dip in the paving under your wheels, then loose thy shoe from off thy foot, for the place whereon thou drivest is Jean White’s horse.",Unclear
Virginia,37.1232245,-78.4927721,Here in Virginia alone it killed twelve people and ruined 166 million dollars worth of property.,Unclear
Roanoke Valley,36.4363272,-77.6178504861276,"Dillard lived quietly on Tinker Creek in Virginia’s Roanoke Valley, observing the natural world, taking notes, and reading voluminously in a wide variety of disciplines, including theology, philosophy, natural science, and physics.",Physically present
South America,-21.0002179,-61.0006565,"In minutely detailed descriptions of a solar eclipse, visits to South America and the Galapagos Islands, and other, more commonplace events and locations, Dillard continues “the pilgrimage begun at Tinker Creek with an acuity of eye and ear that is matched by an ability to communicate a sense of wonder,” stated Beaufort Cranford in the Detroit News.",Unclear
South America,-21.0002179,-61.0006565,"Copperheads are not big enough or venomous enough to kill adult humans readily, but they do account for far and away the greatest number of poisonous snakebites in North America: there are so many of them, and people, in the Eastern woodlands.",Unclear
the Galapagos Islands,49.6603868,-123.172994,"In minutely detailed descriptions of a solar eclipse, visits to South America and the Galapagos Islands, and other, more commonplace events and locations, Dillard continues “the pilgrimage begun at Tinker Creek with an acuity of eye and ear that is matched by an ability to communicate a sense of wonder,” stated Beaufort Cranford in the Detroit News.",Unclear
the Pacific Northwest,44.54920525,-122.91044412672929,"Dillard ventured into new territory with her 1992 publication, The Living, a sprawling historical novel set in the Pacific Northwest.",Unclear
NSW,-31.8759835,147.2869493,"About the Publisher
AustraliaHarperCollins Publishers (Australia) Pty. Ltd.25 Ryde Road (PO Box 321)Pymble, NSW 2073, Australiahttp://www.harpercollinsebooks.com.au
CanadaHarperCollins Publishers Ltd.55 Avenue Road, Suite 2900Toronto, ON, M5R, 3L2, Canadahttp://www.harpercollinsebooks.ca
New ZealandHarperCollinsPublishers (New Zealand) LimitedP.O. Box 1Auckland, New Zealandhttp://www.harpercollinsebooks.co.nz
United KingdomHarperCollins Publishers Ltd.77-85 Fulham Palace RoadLondon, W6 8JB, UKhttp://www.harpercollinsebooks.co.uk
United StatesHarperCollins Publishers Inc.10 East 53rd StreetNew York, NY 10022http://www.harpercollinsebooks.com








Afterword


In October, 1972, camping in Acadia National Park on the Maine coast, I read a nature book.",Likely physically present (positive sentiment)
ON,50.000678,-86.000977,"About the Publisher
AustraliaHarperCollins Publishers (Australia) Pty. Ltd.25 Ryde Road (PO Box 321)Pymble, NSW 2073, Australiahttp://www.harpercollinsebooks.com.au
CanadaHarperCollins Publishers Ltd.55 Avenue Road, Suite 2900Toronto, ON, M5R, 3L2, Canadahttp://www.harpercollinsebooks.ca
New ZealandHarperCollinsPublishers (New Zealand) LimitedP.O. Box 1Auckland, New Zealandhttp://www.harpercollinsebooks.co.nz
United KingdomHarperCollins Publishers Ltd.77-85 Fulham Palace RoadLondon, W6 8JB, UKhttp://www.harpercollinsebooks.co.uk
United StatesHarperCollins Publishers Inc.10 East 53rd StreetNew York, NY 10022http://www.harpercollinsebooks.com








Afterword


In October, 1972, camping in Acadia National Park on the Maine coast, I read a nature book.",Likely physically present (positive sentiment)
1Auckland,,,"About the Publisher
AustraliaHarperCollins Publishers (Australia) Pty. Ltd.25 Ryde Road (PO Box 321)Pymble, NSW 2073, Australiahttp://www.harpercollinsebooks.com.au
CanadaHarperCollins Publishers Ltd.55 Avenue Road, Suite 2900Toronto, ON, M5R, 3L2, Canadahttp://www.harpercollinsebooks.ca
New ZealandHarperCollinsPublishers (New Zealand) LimitedP.O. Box 1Auckland, New Zealandhttp://www.harpercollinsebooks.co.nz
United KingdomHarperCollins Publishers Ltd.77-85 Fulham Palace RoadLondon, W6 8JB, UKhttp://www.harpercollinsebooks.co.uk
United StatesHarperCollins Publishers Inc.10 East 53rd StreetNew York, NY 10022http://www.harpercollinsebooks.com








Afterword


In October, 1972, camping in Acadia National Park on the Maine coast, I read a nature book.",Likely physically present (positive sentiment)
New Zealandhttp://www.harpercollinsebooks.co.nz,,,"About the Publisher
AustraliaHarperCollins Publishers (Australia) Pty. Ltd.25 Ryde Road (PO Box 321)Pymble, NSW 2073, Australiahttp://www.harpercollinsebooks.com.au
CanadaHarperCollins Publishers Ltd.55 Avenue Road, Suite 2900Toronto, ON, M5R, 3L2, Canadahttp://www.harpercollinsebooks.ca
New ZealandHarperCollinsPublishers (New Zealand) LimitedP.O. Box 1Auckland, New Zealandhttp://www.harpercollinsebooks.co.nz
United KingdomHarperCollins Publishers Ltd.77-85 Fulham Palace RoadLondon, W6 8JB, UKhttp://www.harpercollinsebooks.co.uk
United StatesHarperCollins Publishers Inc.10 East 53rd StreetNew York, NY 10022http://www.harpercollinsebooks.com








Afterword


In October, 1972, camping in Acadia National Park on the Maine coast, I read a nature book.",Likely physically present (positive sentiment)
United KingdomHarperCollins,,,"About the Publisher
AustraliaHarperCollins Publishers (Australia) Pty. Ltd.25 Ryde Road (PO Box 321)Pymble, NSW 2073, Australiahttp://www.harpercollinsebooks.com.au
CanadaHarperCollins Publishers Ltd.55 Avenue Road, Suite 2900Toronto, ON, M5R, 3L2, Canadahttp://www.harpercollinsebooks.ca
New ZealandHarperCollinsPublishers (New Zealand) LimitedP.O. Box 1Auckland, New Zealandhttp://www.harpercollinsebooks.co.nz
United KingdomHarperCollins Publishers Ltd.77-85 Fulham Palace RoadLondon, W6 8JB, UKhttp://www.harpercollinsebooks.co.uk
United StatesHarperCollins Publishers Inc.10 East 53rd StreetNew York, NY 10022http://www.harpercollinsebooks.com








Afterword


In October, 1972, camping in Acadia National Park on the Maine coast, I read a nature book.",Likely physically present (positive sentiment)
United StatesHarperCollins,,,"About the Publisher
AustraliaHarperCollins Publishers (Australia) Pty. Ltd.25 Ryde Road (PO Box 321)Pymble, NSW 2073, Australiahttp://www.harpercollinsebooks.com.au
CanadaHarperCollins Publishers Ltd.55 Avenue Road, Suite 2900Toronto, ON, M5R, 3L2, Canadahttp://www.harpercollinsebooks.ca
New ZealandHarperCollinsPublishers (New Zealand) LimitedP.O. Box 1Auckland, New Zealandhttp://www.harpercollinsebooks.co.nz
United KingdomHarperCollins Publishers Ltd.77-85 Fulham Palace RoadLondon, W6 8JB, UKhttp://www.harpercollinsebooks.co.uk
United StatesHarperCollins Publishers Inc.10 East 53rd StreetNew York, NY 10022http://www.harpercollinsebooks.com








Afterword


In October, 1972, camping in Acadia National Park on the Maine coast, I read a nature book.",Likely physically present (positive sentiment)
NY,43.1561681,-75.8449946,"About the Publisher
AustraliaHarperCollins Publishers (Australia) Pty. Ltd.25 Ryde Road (PO Box 321)Pymble, NSW 2073, Australiahttp://www.harpercollinsebooks.com.au
CanadaHarperCollins Publishers Ltd.55 Avenue Road, Suite 2900Toronto, ON, M5R, 3L2, Canadahttp://www.harpercollinsebooks.ca
New ZealandHarperCollinsPublishers (New Zealand) LimitedP.O. Box 1Auckland, New Zealandhttp://www.harpercollinsebooks.co.nz
United KingdomHarperCollins Publishers Ltd.77-85 Fulham Palace RoadLondon, W6 8JB, UKhttp://www.harpercollinsebooks.co.uk
United StatesHarperCollins Publishers Inc.10 East 53rd StreetNew York, NY 10022http://www.harpercollinsebooks.com








Afterword


In October, 1972, camping in Acadia National Park on the Maine coast, I read a nature book.",Likely physically present (positive sentiment)
Maine,45.709097,-68.8590201,"About the Publisher
AustraliaHarperCollins Publishers (Australia) Pty. Ltd.25 Ryde Road (PO Box 321)Pymble, NSW 2073, Australiahttp://www.harpercollinsebooks.com.au
CanadaHarperCollins Publishers Ltd.55 Avenue Road, Suite 2900Toronto, ON, M5R, 3L2, Canadahttp://www.harpercollinsebooks.ca
New ZealandHarperCollinsPublishers (New Zealand) LimitedP.O. Box 1Auckland, New Zealandhttp://www.harpercollinsebooks.co.nz
United KingdomHarperCollins Publishers Ltd.77-85 Fulham Palace RoadLondon, W6 8JB, UKhttp://www.harpercollinsebooks.co.uk
United StatesHarperCollins Publishers Inc.10 East 53rd StreetNew York, NY 10022http://www.harpercollinsebooks.com








Afterword


In October, 1972, camping in Acadia National Park on the Maine coast, I read a nature book.",Likely physically present (positive sentiment)
Blue Ridge,33.2992786,-96.4021168,"I live by a creek, Tinker Creek, in a valley in Virginia’s Blue Ridge.",Physically present
Tinker,46.8093178,-67.7646432,"The creeks—Tinker and Carvin’s—are an active mystery, fresh every minute.",Likely physically present (positive sentiment)
Tinker,46.8093178,-67.7646432,"The mountains—Tinker and Brushy, McAfee’s Knob and Dead Man—are a passive mystery, the oldest of all.",Unclear
Tinker,46.8093178,-67.7646432,"A few weeks before the monarch migration I visited Carvin’s Cove, a reservoir in a gap between Tinker and Brushy mountains, and there beside the forest path I saw, it occurs to me now, Abba Moses, in the form of an acorn.",Physically present
Tinker,46.8093178,-67.7646432,"If you came tonight from up north, you’d have a terrific tailwind; between Tinker and Dead Man you’d chute through the orchardy pass like an iceboat.",Unclear
Tinker,46.8093178,-67.7646432,"Shadow Creek is the blue subterranean stream that chills Carvin’s Creek and Tinker Creek; it cuts like ice under the ribs of the mountains, Tinker and Dead Man.",Unclear
Tinker,46.8093178,-67.7646432,"On an evening in late May, a moist wind from Carvin’s Cove shoots down the gap between Tinker and Brushy mountains, tears along Carvin’s Creek valley, and buffets my face as I stand by the duck pond.",Unclear
Atlantic,39.5143268,-74.6632883,"
Another time I saw another wonder: sharks off the Atlantic coast of Florida.",Physically present
Atlantic,39.5143268,-74.6632883,"Down streams to rivers, down rivers to the sea, south in the North Atlantic where they meet and pass billions of northbound elvers, they are returning to the Sargasso Sea, where, in floating sargassum weed in the deepest waters of the Atlantic, they will mate, release their eggs, and die.",Unclear
Atlantic,39.5143268,-74.6632883,"I remembered the ocean, and I seemed to be in the ocean myself, swimming over orange crabs that looked like coral, or off the deep Atlantic banks where whitefish school.",Mentally present
Florida,27.7567667,-81.4639835,"
Another time I saw another wonder: sharks off the Atlantic coast of Florida.",Physically present
Tinker Mountain,37.4347271,-79.9989139,"I can’t see Tinker Mountain through the line of hemlock, till it comes on like a streetlight, ping, ex nihilo.",Physically present
Tinker Mountain,37.4347271,-79.9989139,"I think of the swimming bluegill I saw at the Lawsons’, upstream in Tinker Creek on the other side of Tinker Mountain.",Both physically and mentally present
Tinker Mountain,37.4347271,-79.9989139,Far before me Tinker Mountain glinted and pitched in the sunlight.,Unclear
Tinker Mountain,37.4347271,-79.9989139,"I was standing lost, sunk, my hands in my pockets, gazing towards Tinker Mountain and feeling the earth reel down.",Unclear
Tinker Mountain,37.4347271,-79.9989139,"If Tinker Mountain erupted, I’d be likely to notice.",Unclear
Tinker Mountain,37.4347271,-79.9989139,"Within the week I’ve seen thirty or so of these egg cases in a rose-grown field on Tinker Mountain, and another thirty in weeds along Carvin’s Creek.",Physically present
Tinker Mountain,37.4347271,-79.9989139,It washes up the sandstone cliffs on Tinker Mountain and obliterates them in a deluge; freshets of shadow leak into the sky.,Unclear
Tinker Mountain,37.4347271,-79.9989139,"That night the fact of the creek’s running on in the dark—from high on the unseen side of Tinker Mountain, miles away—smacked sinister.",Unclear
Tinker Mountain,37.4347271,-79.9989139,"Behind me, Tinker Mountain, and to my left, Dead Man Mountain, are eroding one thousandth of an inch a year.",Unclear
Tinker Mountain,37.4347271,-79.9989139,"Tinker Creek doesn’t back up, pushed up its own craw, from the Roanoke River; it flows down, easing, from the northern, unseen side of Tinker Mountain.",Unclear
Tinker Mountain,37.4347271,-79.9989139,"But, as in the classic version of the great chain, the pure trickle that leaks from the unfathomable heart of Tinker Mountain, this Tinker Creek, widens, taking shape and cleaving banks, weighted with the live and intricate impurities of time, as it descends to me, to where I happen to find myself, in this intermediate spot, halfway between here and there.",Likely physically present (positive sentiment)
Tinker Mountain,37.4347271,-79.9989139,I can’t see Tinker Mountain.,Physically present
Tinker Mountain,37.4347271,-79.9989139,"The water is so deep and wide it seems as though you could navigate the Queen Mary in it, clear to Tinker Mountain.",Unclear
Bronx,40.8466508,-73.8785937,"In the lower Bronx, for example, enthusiasts found an ailanthus tree that was fifteen feet long growing from the corner of a garage roof.",Unclear
Massachusetts,42.3788774,-72.032366,"
Rutherford Platt tells the story in The Great American Forest, one of the most interesting books ever written: “In 1875, a Massachusetts farmer, curious about the growing power of expanding apples, melons and squashes, harnessed a squash to a weight-lifting device which had a dial like a grocer’s scale to indicate the pressure exerted by the expanding fruit.",Likely physically present (positive sentiment)
New York,40.7127281,-74.0060152,"When I read how many thousands of dollars a city like New York has to spend to keep underground water pipes free of ailanthus, ginko, and sycamore roots, I cannot help but give a little cheer.",Likely physically present (positive sentiment)
New York,40.7127281,-74.0060152,"While we’re in New York, consider the cockroaches under the bed and the rats in the early morning clustered on the porch stoop.",Unclear
New York,40.7127281,-74.0060152,"That man was Eugene Schieffelin, a wealthy New York drug manufacturer.",Unclear
New York,40.7127281,-74.0060152,"Later Agnes would move on up into Maryland, Pennsylvania, and New York, killing people and doing hundreds of millions of dollars worth of damage.",Unclear
Manhattan,40.7896239,-73.9598939,"Or again: in one sense you could think of Manhattan’s land as high-rent, high-rise real estate; in another sense you could see it as an enormous breeding ground for rats, acres and acres of rats.",Physically present
Calcutta,22.5726459,88.3638953,The oceanic breeding grounds of pelagic birds are as teeming and cluttered as any human Calcutta.,Unclear
Missouri,38.7604815,-92.5617875,"The sales manager of Ozark Fisheries in Missouri, which raises commercial goldfish for the likes of me, said, “We produce, measure, and sell our product by the ton.”",Unclear
the Atlantic Ocean,-34.8329983,19.9999395,"One showed a glob of tar as big as a softball, jetsam from a larger craft, which Heyerdahl and his crew spotted in the middle of the Atlantic Ocean.",Unclear
the Atlantic Ocean,-34.8329983,19.9999395,"The caribou flee from the inland tundra’s mosquitoes to the windy shores of the Arctic Ocean, and coastal Eskimos hunt them there.",Unclear
the Atlantic Ocean,-34.8329983,19.9999395,"But in the puddle or pond, in the city reservoir, ditch, or Atlantic Ocean, the rotifers still spin and munch, the daphnia still filter and are filtered, and the copepods still swarm hanging with clusters of eggs.",Unclear
the Atlantic Ocean,-34.8329983,19.9999395,They must: otherwise we’d have no fish; they’d all be in the Atlantic Ocean.,Unclear
Ra,51.5092768,-0.13973813543557267,"If I dangled my hand from the deck of the Ra into the sea, could a gooseneck barnacle fasten there?",Unclear
Lynchburg,37.4137536,-79.1422464,You figure that you need three engines for a stretch of track between Lynchburg and Danville.,Unclear
Danville,40.125222,-87.6304614,You figure that you need three engines for a stretch of track between Lynchburg and Danville.,Unclear
the Swiss Alps,,,"If I value anything at all, then I must blindfold my eyes when I near the Swiss Alps.",Unclear
Norwich,52.6285576,1.2923954,"Julian of Norwich, the great English anchorite and theologian, cited, in the manner of the prophets, these words from God: “See, I am God: see, I am in all things: see, I never lift my hands off my works, nor ever shall, without end….",Likely physically present (positive sentiment)
Mackenzie River,63.328588350000004,-123.66133587911729,"In the open water off the Mackenzie River delta, they hunt the white whale (the beluga) and bearded seal.",Unclear
Mackenzie River,63.328588350000004,-123.66133587911729,"I don’t know what they bring on the Mackenzie River delta these days, but around here, fur dealers, who paid $2.90 in 1971, now pay $5.00 a pelt.",Unclear
St. Lawrence Island,63.36228525,-170.03692981607117,"On St. Lawrence Island, women and children are in charge of netting little birds.",Unclear
Peniel,51.8921733,-4.2733711,I am Wilson squinting after the traces of electrons in a cloud chamber; I am Jacob at Peniel wrestling with the angel.,Unclear
Mount Sinai,28.5388088,33.9751845,"So Moses went up on Mount Sinai, waited still in a cliff of the rock, and saw the back parts of God.",Physically present
Mount Sinai,28.5388088,33.9751845,"When Moses came down from the cliff in Mount Sinai, the people were afraid of him: the very skin on his face shone.",Unclear
Mount Pisgah,35.4259427,-82.7567956,"Forty years later he went up on Mount Pisgah, and saw the promised land across the Jordan, which he was to die without ever being permitted to enter.",Physically present
Jordan,44.6663146,-93.6261918,"Forty years later he went up on Mount Pisgah, and saw the promised land across the Jordan, which he was to die without ever being permitted to enter.",Physically present
Pisgah,41.831601,-95.9261982,"I sit on a bridge as on Pisgah or Sinai, and I am both waiting becalmed in a cliff of the rock and banging with all my will, calling like a child beating on a door: Come on out!…I know you’re there.",Unclear
Sinai,44.244415,-97.040895,"I sit on a bridge as on Pisgah or Sinai, and I am both waiting becalmed in a cliff of the rock and banging with all my will, calling like a child beating on a door: Come on out!…I know you’re there.",Unclear
Sinai,44.244415,-97.040895,"God said to Moses on Sinai that even the priests, who have access to the Lord, must hallow themselves, for fear that the Lord may break out against them.",Unclear
Lucas,41.6508446,-83.621321,I stood in the Lucas meadow in the middle of a barrage of grasshoppers.,Unclear
Lucas,41.6508446,-83.621321,"Does not any one of you, with your eighteen mouth-parts, wish to have a word with me here in the Lucas meadow?",Unclear
Lucas,41.6508446,-83.621321,"I had emerged scratched, pricked, and panting in the Lucas peach orchard, which is considerably more conveniently approached by the steep gravel drive that parallels the creek.",Unclear
Lucas,41.6508446,-83.621321,How many of the grasshoppers that hurtled around me in the Lucas meadow bore inside their guts the immense coiled larvae of horsehair worms?,Unclear
Lucas,41.6508446,-83.621321,"I thought of her in the Lucas meadow, too, where so many grasshoppers leaped about me.",Mentally present
Lucas,41.6508446,-83.621321,"This honeysuckle was an odor already only half-remembered, a breath of the summer past, the Lucas cliffs and overgrown fence by Tinker Creek, a drugged sweetness that had almost cloyed on those moisture-laden nights, now refined to a wary trickle in the air, a distillation pure and rare, scarcely known and mostly lost, and heading south.",Mentally present
Lucas,41.6508446,-83.621321,"Everywhere paths unclog; in late fall and winter, and only then, can I scale the cliff to the Lucas orchard, circle the forested quarry pond, or follow the left-hand bank of Tinker Creek downstream.",Unclear
the Rocky Mountains,43.9521287,-109.27852,"If you take ordinary grasshoppers of any of several species from any of a number of the world’s dry regions—including the Rocky Mountains—and rear them in glass jars under crowded conditions, they go into the migratory phase.",Unclear
Israel,31.39480005,34.63358319049945,"In full flight their millions can blacken the sky for nine hours, and when they land, it’s every man to your tents, O Israel.",Unclear
Israel,31.39480005,34.63358319049945,"In ancient Israel’s rites for a voluntary offering of thanksgiving, the priest comes before the altar in clean linen, empty-handed.",Unclear
Israel,31.39480005,34.63358319049945,"Israel’s priests offered the wave breast and the heave shoulder together, freely, in full knowledge, for thanksgiving.",Unclear
Israel,31.39480005,34.63358319049945,"They inform my eyes of my location here, here O Israel, here in the world’s flawed sculpture, here in the flickering shade of the nothingness between me and the light.",Unclear
Israel,31.39480005,34.63358319049945,"Jacob set out for Canaan with his wives and twelve sons, the fathers of the twelve tribes of Israel, and with these cattle that are Israel’s heritage, into Egypt and out of Egypt, just as the intricate speckled and spotted world is ours.",Unclear
Israel,31.39480005,34.63358319049945,"Jacob set out for Canaan with his wives and twelve sons, the fathers of the twelve tribes of Israel, and with these cattle that are Israel’s heritage, into Egypt and out of Egypt, just as the intricate speckled and spotted world is ours.",Unclear
Eden,36.4884715,-79.7667026,"“A fire devoureth before them; and behind them a flame burneth: the land is as the garden of Eden before them, and behind them a desolate wilderness; yea, and nothing shall escape them.”",Unclear
Eden,36.4884715,-79.7667026,"Beams at the porch’s four corners supported a low, peaked roof that vaulted over both the porch and the cottage impartially, lending so much importance to the already huge porch that it made the cottage proper seem an afterthought, as Adam seems sometimes an afterthought in Eden.",Mentally present
Eden,36.4884715,-79.7667026,Why didn’t God let the animals in Eden name the man; why didn’t I wrestle the grasshopper on my shoulder and pin him down till he called my name?,Unclear
Eden,36.4884715,-79.7667026,"Then maybe we all could see color-patches too, the world unraveled from reason, Eden before Adam gave names",Physically present
Babylon,49.3975285,12.8617005,"Next to the cliff fell a grassy series of high terraces, suitable for planting the hanging gardens of Babylon.",Unclear
South,18.2612839,-73.8444985,I always remember trying to fight my way up that steepness one winter when I first understood that even January is not muscle enough to subdue the deciduous South.,Mentally present
South,18.2612839,-73.8444985,They had but one unwearying thought: South.,Mentally present
South,18.2612839,-73.8444985,"In the South, the periodical cicada has a breeding cycle of thirteen years, instead of seventeen years as in the North.",Unclear
South,18.2612839,-73.8444985,"Small ponds don’t live very long, especially in the South.",Physically present
America,39.7837304,-100.445882,"As one-inch elvers they wriggled and heaved their way from the salt sea up the coastal rivers of America and Europe, upstream always into “the quiet upper reaches of rivers and brooks, in lakes and ponds—sometimes as high as 8,000 feet above sea level.”",Unclear
America,39.7837304,-100.445882,"When Western surgeons discovered how to perform safe cataract operations, they ranged across Europe and America operating on dozens of men and women of all ages who had been blinded by cataracts since birth.",Unclear
America,39.7837304,-100.445882,His curious hobby was the introduction into America of all the birds mentioned in William Shakespeare.”,Unclear
America,39.7837304,-100.445882,"Little America, the Yukon….",Unclear
Europe,51.0,10.0,"As one-inch elvers they wriggled and heaved their way from the salt sea up the coastal rivers of America and Europe, upstream always into “the quiet upper reaches of rivers and brooks, in lakes and ponds—sometimes as high as 8,000 feet above sea level.”",Unclear
Europe,51.0,10.0,Twenty thousand head of domestic livestock died in Europe from a host of black flies that swarmed from the banks of the Danube in 1923.,Unclear
Europe,51.0,10.0,"When Western surgeons discovered how to perform safe cataract operations, they ranged across Europe and America operating on dozens of men and women of all ages who had been blinded by cataracts since birth.",Unclear
Europe,51.0,10.0,Starlings came to this country on a passenger liner from Europe.,Unclear
Europe,51.0,10.0,"Not too long ago, according to Edwin Way Teale, the people of Europe believed that geese and swans wintered there, on the moon’s pale seas.",Unclear
the North Atlantic,47.58710515,-52.72006079890048,"Down streams to rivers, down rivers to the sea, south in the North Atlantic where they meet and pass billions of northbound elvers, they are returning to the Sargasso Sea, where, in floating sargassum weed in the deepest waters of the Atlantic, they will mate, release their eggs, and die.",Unclear
the Sargasso Sea,,,"Down streams to rivers, down rivers to the sea, south in the North Atlantic where they meet and pass billions of northbound elvers, they are returning to the Sargasso Sea, where, in floating sargassum weed in the deepest waters of the Atlantic, they will mate, release their eggs, and die.",Unclear
the Sargasso Sea,,,"The giant water bug I saw is dead, long dead, and its moist gut and rigid casing are both, like the empty skin of the frog it sucked, dissolved, spread, still spreading right now, in the steer’s capillaries, in the windblown smatter of clouds overhead, in the Sargasso Sea.",Physically present
East Africa,57.719512,11.94776,"I infer that we have got poisonous snakes as East Africa has zebras or the tropics have orchids—they are our specialty, our stock-in-trade.",Unclear
Antarctic,-72.8438691,0.0,"Lice live in the hollow quills of birds’ feathers, in warthog bristles, in Antarctic seals’ flippers and pelican pouches.",Physically present
Antarctic,-72.8438691,0.0,"Finally, Paul Siple, the Antarctic explorer and scientist, writes of the Antarctic crab-eater seal, which lives in the pack ice off the continent: “One seldom finds a sleek silvery adult crab-eater that does not bear ugly scars—or two-foot long parallel slashes—on each side of its body, received when it managed somehow to wriggle out of the jaws of a killer whale that had seized it.”
I think of those crab-eater seals, and the jaws of the killer whales lined with teeth that are, according to Siple, “as large as bananas.”",Mentally present
Antarctic,-72.8438691,0.0,"Finally, Paul Siple, the Antarctic explorer and scientist, writes of the Antarctic crab-eater seal, which lives in the pack ice off the continent: “One seldom finds a sleek silvery adult crab-eater that does not bear ugly scars—or two-foot long parallel slashes—on each side of its body, received when it managed somehow to wriggle out of the jaws of a killer whale that had seized it.”
I think of those crab-eater seals, and the jaws of the killer whales lined with teeth that are, according to Siple, “as large as bananas.”",Mentally present
Antarctic,-72.8438691,0.0,"Still, it is to the picture of the “sleek silvery” crab-eater seals that I return, seals drawn up by scientists from the Antarctic ice pack, seals bearing again and again the long gash marks of unthinkable teeth.",Unclear
Danube,45.1805755,20.19619,Twenty thousand head of domestic livestock died in Europe from a host of black flies that swarmed from the banks of the Danube in 1923.,Unclear
Asia,51.2086975,89.2343748,Another adult moth sucks mammal blood in southeast Asia.,Unclear
Boys Town,41.25456385,-96.12943118264758,"If I were to eat as the delicate ladybug eats, I would go through in just nine days the entire population of Boys Town.",Unclear
Cornwall,50.416667,-4.75,"It was as different as visiting Cornwall, and visiting Corfu.",Unclear
Corfu,39.591337,19.859618918733858,"It was as different as visiting Cornwall, and visiting Corfu.",Unclear
Adams,39.9787786,-91.2110065,"Above the cliff rose the Adams’ woods, and in the cliff nested—according not only to local observation but also to the testimony of the county agricultural agent—hundreds of the area’s copperheads.",Unclear
Adams,39.9787786,-91.2110065,No one but me disturbed the newts here in the Adams’ woods.,Unclear
Adams,39.9787786,-91.2110065,"I looked around for more leaves like it—that part of the Adams’ woods seems to be almost solely tulip trees—but all the other leaves had just lately unfurled, and were waving on pale stalks like new small hands.",Likely physically present (positive sentiment)
Point Barrow,71.3865172,-156.4741383,"I could walk to Point Barrow, Mount McKinley, Hudson’s Bay.",Physically present
Mount McKinley,63.069115,-151.006239,"I could walk to Point Barrow, Mount McKinley, Hudson’s Bay.",Physically present
Hudson’s Bay,45.6244086,-122.6436284,"I could walk to Point Barrow, Mount McKinley, Hudson’s Bay.",Physically present
Hudson’s Bay,45.6244086,-122.6436284,"They were butterflies, going south to the Gulf states or farther, and some of them had come from Hudson’s Bay.",Unclear
Hudson’s Bay,45.6244086,-122.6436284,"Why not caribou hoof or Labrador tea, tundra lichen or dwarf willow, the brine of Hudson’s Bay or the vapor of rivers milky with fine-ground glacial silt?",Unclear
Hudson’s Bay,45.6244086,-122.6436284,"It looked as though the leaves of the autumn forest had taken flight, and were pouring down the valley like a waterfall, like a tidal wave, all the leaves of hardwoods from here to Hudson’s Bay.",Likely physically present (positive sentiment)
Hudson’s Bay,45.6244086,-122.6436284,The books I read are like the stone men built by the Eskimos of the great desolate tundras west of Hudson’s Bay.,Likely physically present (positive sentiment)
Arctic Ocean,83.0,-170.0,"Up on the Arctic Ocean coasts, Eskimos dry the late summer’s fish on drying racks, to use throughout the winter as feed for dogs.",Unclear
northing,53.28893203881735,-0.44326950327533027,"In the literature of arctic exploration, the talk is of northing.",Unclear
northing,53.28893203881735,-0.44326950327533027,"We accomplished 20 miles of northing today, in spite of the shifting pack.”",Unclear
northing,53.28893203881735,-0.44326950327533027,Shall I go northing?,Unclear
North,13.45911,-2.2496367403016495,I long for the North where unimpeded winds would hone me to such a pure slip of bone.,Unclear
North,13.45911,-2.2496367403016495,"The North washes down the mountains like a waterfall, like a tidal wave, and pours across the valley; it comes to me.",Likely physically present (positive sentiment)
North,13.45911,-2.2496367403016495,"In the South, the periodical cicada has a breeding cycle of thirteen years, instead of seventeen years as in the North.",Unclear
North,13.45911,-2.2496367403016495,"The woods are a clog of green, and I have to follow the manner of the North, or of the past, and take to the waterways to get around.",Unclear
Dead Man Mountain,34.7581208,-98.7545133,"The sun heaves to the south by day, and at night wild Orion emerges looming like the Specter of the Brocken over Dead Man Mountain.",Unclear
Dead Man Mountain,34.7581208,-98.7545133,"The first time I discovered this mystery I looked from cloud to no-cloud in bewilderment, checking my bearings over and over, thinking maybe the ark of the covenant was just passing by south of Dead Man Mountain.",Unclear
Dead Man Mountain,34.7581208,-98.7545133,"Behind me, Tinker Mountain, and to my left, Dead Man Mountain, are eroding one thousandth of an inch a year.",Unclear
Gulf,29.9665252,-85.2175889,"They were butterflies, going south to the Gulf states or farther, and some of them had come from Hudson’s Bay.",Unclear
Polaris,39.3390735,-120.1357526,"They came fanning straight towards my window from the northwest, and from the northeast, materializing from behind the tips of high hemlocks, where Polaris hangs by night.",Unclear
Lake Superior,47.714434600000004,-88.21163556659235,"They fly over Lake Superior without resting; in fact, observers there have discovered a curious thing.",Likely physically present (positive sentiment)
Lake Superior,47.714434600000004,-88.21163556659235,In another book I read that geologists think that Lake Superior marks the site of the highest mountain that ever existed on this continent.,Likely physically present (positive sentiment)
Brushy,35.557746,-94.7561508372093,"A few weeks before the monarch migration I visited Carvin’s Cove, a reservoir in a gap between Tinker and Brushy mountains, and there beside the forest path I saw, it occurs to me now, Abba Moses, in the form of an acorn.",Physically present
Brushy,35.557746,-94.7561508372093,"On an evening in late May, a moist wind from Carvin’s Cove shoots down the gap between Tinker and Brushy mountains, tears along Carvin’s Creek valley, and buffets my face as I stand by the duck pond.",Unclear
Canada,61.0666922,-107.991707,"
 
Last year I saw three migrating Canada geese flying low over the frozen duck pond where I stood.",Physically present
Canada,61.0666922,-107.991707,"In interior Alaska and northern Canada, breakup is the big event.",Unclear
Canada,61.0666922,-107.991707,"Jacob set out for Canaan with his wives and twelve sons, the fathers of the twelve tribes of Israel, and with these cattle that are Israel’s heritage, into Egypt and out of Egypt, just as the intricate speckled and spotted world is ours.",Unclear
West Virginia,38.4758406,-80.8408415,"To West Virginia, where it snubbed on a high ridge, snared by trees, and sifted in shards over the side?",Unclear
Hollins Pond,,,"I still seemed to hear the unaccustomed sound of my own voice honed to a quaver by rock, thrown back down my throat and cast dying around me, lorn: could that have been heard at Hollins Pond, or behind me, across the creek, up the hill the starlings fly over?",Unclear
Hollins Pond,,,Beyond that I saw Hollins Pond and all its woods and pastures; then I saw in a blue haze all the world poured flat and pale between the mountains.,Physically present
Hollins Pond,,,"Then I might be able to sit on the hill by the burnt books where the starlings fly over, and see not only the starlings, the grass field, the quarried rock, the viney woods, Hollins Pond, and the mountains beyond, but also, and simultaneously, feathers’ barbs, springtails in the soil, crystal in rock, chloroplasts streaming, rotifers pulsing, and the shape of the air in the pines.",Unclear
Shadow Creek,49.358966277847486,-88.16010222174295,"Somewhere, everywhere, there is a gap, like the shuddering chasm of Shadow Creek which gapes open at my feet, like a sudden split in the window or hull of a high-altitude jet, into which things slip, or are blown, out of sight, vanished in a rush, blasted, gone, and can no more be found.",Unclear
Shadow Creek,49.358966277847486,-88.16010222174295,"Shadow Creek is the blue subterranean stream that chills Carvin’s Creek and Tinker Creek; it cuts like ice under the ribs of the mountains, Tinker and Dead Man.",Unclear
Shadow Creek,49.358966277847486,-88.16010222174295,"Shadow Creek storms through limestone vaults under forests, or surfaces anywhere, damp, on the underside of a leaf.",Unclear
Shadow Creek,49.358966277847486,-88.16010222174295,"Shadow Creek: on my least walk to the mailbox I may find myself knee-deep in its sucking, frigid pools.",Unclear
Shadow Creek,49.358966277847486,-88.16010222174295,"But that night Tinker Creek had vanished, usurped, and Shadow Creek blocked its banks.",Unclear
Shadow Creek,49.358966277847486,-88.16010222174295,"The chloroplasts do stream in the leaf as if propelled by a mighty, invisible breath; but on the other hand, a certain sorrow arises, welling up in Shadow Creek, and from those lonely banks it appears that all our intricate fringes, however beautiful, are really the striations of a universal and undeserved flaying.",Likely physically present (positive sentiment)
Kenya,1.4419683,38.4313975,"Isak Dinesen in Kenya, her heart utterly broken by loss, stepped out of the house at sunrise, seeking a sign.",Unclear
Pittsburgh,40.4416941,-79.9900861,"








2
Seeing


When I was six or seven years old, growing up in Pittsburgh, I used to take a precious penny of my own and hide it for someone else to find.",Likely physically present (positive sentiment)
Pittsburgh,40.4416941,-79.9900861,"The school was in Shadyside, a busy residential part of Pittsburgh.",Unclear
Pittsburgh,40.4416941,-79.9900861,"I remember how sycamores grew—and presumably still grow—in the city, in Pittsburgh, even along the busiest streets.",Mentally present
Pittsburgh,40.4416941,-79.9900861,It is hard to understand how the same tree could thrive both choking along Pittsburgh’s Penn Avenue and slogging knee-deep in Tinker Creek.,Unclear
Pittsburgh,40.4416941,-79.9900861,"It appears complete, in full color, wordless, though already receding: the tennis courts on Fifth Avenue in Pittsburgh, an equestrian statue in a Washington park, a basement dress shop in New York City—scenes that I thought meant nothing to me.",Mentally present
Pittsburgh,40.4416941,-79.9900861,"The tomcat that used to wake me is dead; he was long since grist for an earthworm’s casting, and is now the clear sap of a Pittsburgh sycamore, or the honeydew of aphids sucked from that sycamore’s high twigs and sprayed in sticky drops on a stranger’s car.",Unclear
Cody,44.5263107,-109.056392,"I visited an aunt and uncle at a quarter-horse ranch in Cody, Wyoming.",Physically present
Wyoming,43.1700264,-107.568534,"I visited an aunt and uncle at a quarter-horse ranch in Cody, Wyoming.",Physically present
Halley’s Comet,52.0593281,-0.7850991,What planet or power yanks Halley’s Comet out of orbit?,Unclear
China,35.0000663,104.999955,"At last I stared upstream where only the deepest violet remained of the cloud, a cloud so high its underbelly still glowed feeble color reflected from a hidden sky lighted in turn by a sun halfway to China.",Unclear
China,35.0000663,104.999955,"For one thing, you are going to have to dig a hole and stick your replica trunk in the ground halfway to China if you want the thing to stand up.",Unclear
Hercules,38.0171441,-122.2885808,"The solar system as a whole, like a merry-go-round unhinged, spins, bobs, and blinks at the speed of 43,200 miles an hour along a course set east of Hercules.",Unclear
Greenland,43.0361995,-70.8328322,"“The Greenland fjords are peculiar for the spells of completely quiet weather, when there is not enough wind to blow out a match and the water is like a sheet of glass.",Unclear
Greenland,43.0361995,-70.8328322,"I’ll go to Alaska, Greenland.",Unclear
Greenland,43.0361995,-70.8328322,"They should film the glaciers of Greenland, some of which creak along at such a fast clip that even the dogs bark at them.",Unclear
Purgatory Mountain,37.5623559,-79.6883735,"Once I stood on a humped rock on nearby Purgatory Mountain, watching through binoculars the great autumn hawk migration below, until I discovered that I was in danger of joining the hawks on a vertical migration of my own.",Unclear
Palomar,33.353975750000004,-116.86137432789532,"What prevents the men on Palomar from falling, voiceless and blinded, from their tiny, vaulted chairs?",Unclear
the Andromeda galaxy,,,With the naked eye I can see two million light-years to the Andromeda galaxy.,Physically present
Andromeda,50.798916,14.108527,"Shall I take it outside and show it Andromeda, and blow its little endoplasm?",Unclear
Andromeda,50.798916,14.108527,"Now that shadow has dissolved the heavens’ blue dome, I can see Andromeda again; I stand pressed to the window, rapt and shrunk in the galaxy’s chill glare.",Unclear
the Red Sea,20.3336262,38.3223816,"All day long I walked among shifting color-patches that parted before me like the Red Sea and closed again in silence, transfigured, wherever I looked back.",Physically present
East,12.255555,1.0095763618883151,"The effort is really a discipline requiring a lifetime of dedicated struggle; it marks the literature of saints and monks of every order East and West, under every rule and no rule, discalced and shod.",Unclear
West,18.7668687,-72.4387315,"The effort is really a discipline requiring a lifetime of dedicated struggle; it marks the literature of saints and monks of every order East and West, under every rule and no rule, discalced and shod.",Unclear
Central Park,40.7827725,-73.9653627406542,"One hundred of them were deliberately released in Central Park, and from those hundred descended all of our countless millions of starlings today.",Unclear
the United States,47.828787466909134,-122.59894783123687,"When John Cowper Powys lived in the United States, he wrote about chickadees stealing crumbs from his favorite flock of starlings.",Physically present
Miami Beach,25.7929198,-80.1353006,They have favorite roosting sites to which they return winter after winter; apparently southwest Virginia is their idea of Miami Beach.,Unclear
Waynesboro,38.0686668,-78.8893999,"In Waynesboro, where the starlings roost in the woods near the Coyner Springs area, residents can’t go outside for any length of time, or even just to hang laundry, because of the stink—“will knock you over”—the droppings, and the lice.",Unclear
Coyner Springs,37.3345809,-79.8589271,"In Waynesboro, where the starlings roost in the woods near the Coyner Springs area, residents can’t go outside for any length of time, or even just to hang laundry, because of the stink—“will knock you over”—the droppings, and the lice.",Unclear
Radford,37.1343148,-80.5749169,"Radford, Virginia, had a little stink of its own a few years ago.",Unclear
Radford,37.1343148,-80.5749169,"Other people challenged the mayor of Radford, the Virginia Tech Wildlife Bureau, the newspaper’s editors and all its readers in Radford and everywhere else, to tell how THEY would like to freeze to death inside a bunch of bubbles.",Unclear
Radford,37.1343148,-80.5749169,"Other people challenged the mayor of Radford, the Virginia Tech Wildlife Bureau, the newspaper’s editors and all its readers in Radford and everywhere else, to tell how THEY would like to freeze to death inside a bunch of bubbles.",Unclear
the Gulf of Mexico,30.68860195,-88.03756231483199,The woods are acres of sticks; I could walk to the Gulf of Mexico in a straight line.,Physically present
Carvin’s Creek,39.62707621753596,-120.5786095758106,"The thickly grown banks of Carvin’s Creek where it edges the road have long since thinned to a twiggy haze, and I can see Maren and Sandy in blue jackets out running the dogs.",Unclear
Carvin’s Creek,39.62707621753596,-120.5786095758106,"Within the week I’ve seen thirty or so of these egg cases in a rose-grown field on Tinker Mountain, and another thirty in weeds along Carvin’s Creek.",Physically present
Carvin’s Creek,39.62707621753596,-120.5786095758106,"Last spring in the flood I saw a brown cattail bob in the high muddy water of Carvin’s Creek, up and down, side to side, a jerk a second.",Physically present
Carvin’s Creek,39.62707621753596,-120.5786095758106,"As the sun sets, sundogs, which are mock suns—chunks of rainbow on either side of the sun but often very distant from it—appear over the pasture by Carvin’s Creek.",Unclear
Carvin’s Creek,39.62707621753596,-120.5786095758106,The duck pond is a small eutrophic pond on cleared land near Carvin’s Creek.,Unclear
Carvin’s Creek,39.62707621753596,-120.5786095758106,"On an evening in late May, a moist wind from Carvin’s Cove shoots down the gap between Tinker and Brushy mountains, tears along Carvin’s Creek valley, and buffets my face as I stand by the duck pond.",Unclear
Carvin’s Creek,39.62707621753596,-120.5786095758106,"On an evening in late May, a moist wind from Carvin’s Cove shoots down the gap between Tinker and Brushy mountains, tears along Carvin’s Creek valley, and buffets my face as I stand by the duck pond.",Unclear
Carvin’s Creek,39.62707621753596,-120.5786095758106,In the distance a white vapor was rising from the waters of Carvin’s Cove and catching in trailing tufts in the mountains’ sides.,Unclear
Corpus Christi,27.7635302,-97.4033191,"I wish I lived near them, in Corpus Christi or Damariscotta; I wish I had the wonderful pair before me, mooning about the yard.",Physically present
Damariscotta,44.0327531,-69.5315214,"I wish I lived near them, in Corpus Christi or Damariscotta; I wish I had the wonderful pair before me, mooning about the yard.",Physically present
Wisconsin,44.4308975,-89.6884637,"Finally I see tonight a picture of a friendly member of the Forest Service in Wisconsin, who is freeing a duck frozen onto the ice by chopping out its feet with a hand ax.",Physically present
Long Island,40.85149705,-73.09942966988302,"It calls to mind the spare, cruel story Thomas McGonigle told me about herring gulls frozen on ice off Long Island.",Unclear
Great South Bay,40.6903769,-73.101501,"When his father was young, he used to walk out on Great South Bay, which had frozen over, and frozen the gulls to it.",Likely physically present (positive sentiment)
Bay,30.2481693,-85.6593633,"And out on the Bay, the ice was studded with paired, red stumps.",Unclear
Green River,41.5290933,-109.466473,"The names of the men are Knud Rasmussen, Sir John Franklin, Peter Freuchen, Scott, Peary, and Byrd; Jedediah Smith, Peter Skene Ogden, and Milton Sublette; or Daniel Boone singing on his blanket in the Green River country.",Unclear
Baffin Bay,27.2558774,-97.5163785,"The names of waters are Baffin Bay, Repulse Bay, Coronation Gulf, and the Ross Sea; the Coppermine River, the Judith, the Snake, and the Musselshell; the Pelly, the Dease, the Tanana, and Telegraph Creek.",Unclear
Repulse Bay,22.2381085,114.1963176,"The names of waters are Baffin Bay, Repulse Bay, Coronation Gulf, and the Ross Sea; the Coppermine River, the Judith, the Snake, and the Musselshell; the Pelly, the Dease, the Tanana, and Telegraph Creek.",Unclear
Coronation Gulf,68.1629442,-112.33514173340784,"The names of waters are Baffin Bay, Repulse Bay, Coronation Gulf, and the Ross Sea; the Coppermine River, the Judith, the Snake, and the Musselshell; the Pelly, the Dease, the Tanana, and Telegraph Creek.",Unclear
the Ross Sea,-34.062442145725505,18.60496162669987,"The names of waters are Baffin Bay, Repulse Bay, Coronation Gulf, and the Ross Sea; the Coppermine River, the Judith, the Snake, and the Musselshell; the Pelly, the Dease, the Tanana, and Telegraph Creek.",Unclear
the Coppermine River,,,"The names of waters are Baffin Bay, Repulse Bay, Coronation Gulf, and the Ross Sea; the Coppermine River, the Judith, the Snake, and the Musselshell; the Pelly, the Dease, the Tanana, and Telegraph Creek.",Unclear
Judith,-29.2586729,-177.903879,"The names of waters are Baffin Bay, Repulse Bay, Coronation Gulf, and the Ross Sea; the Coppermine River, the Judith, the Snake, and the Musselshell; the Pelly, the Dease, the Tanana, and Telegraph Creek.",Unclear
Snake,42.9984364,-115.1807287,"The names of waters are Baffin Bay, Repulse Bay, Coronation Gulf, and the Ross Sea; the Coppermine River, the Judith, the Snake, and the Musselshell; the Pelly, the Dease, the Tanana, and Telegraph Creek.",Unclear
Musselshell,46.4728903,-108.4473635,"The names of waters are Baffin Bay, Repulse Bay, Coronation Gulf, and the Ross Sea; the Coppermine River, the Judith, the Snake, and the Musselshell; the Pelly, the Dease, the Tanana, and Telegraph Creek.",Unclear
"the Pelly,",51.36544275,-2.6099968913770057,"The names of waters are Baffin Bay, Repulse Bay, Coronation Gulf, and the Ross Sea; the Coppermine River, the Judith, the Snake, and the Musselshell; the Pelly, the Dease, the Tanana, and Telegraph Creek.",Unclear
Dease,44.258935774377825,-83.44045110034169,"The names of waters are Baffin Bay, Repulse Bay, Coronation Gulf, and the Ross Sea; the Coppermine River, the Judith, the Snake, and the Musselshell; the Pelly, the Dease, the Tanana, and Telegraph Creek.",Unclear
Tanana,65.1719444,-152.078888,"The names of waters are Baffin Bay, Repulse Bay, Coronation Gulf, and the Ross Sea; the Coppermine River, the Judith, the Snake, and the Musselshell; the Pelly, the Dease, the Tanana, and Telegraph Creek.",Unclear
Telegraph Creek,57.9044519,-131.1579821,"The names of waters are Baffin Bay, Repulse Bay, Coronation Gulf, and the Ross Sea; the Coppermine River, the Judith, the Snake, and the Musselshell; the Pelly, the Dease, the Tanana, and Telegraph Creek.",Unclear
Beaver,40.6916624,-80.3709999,"Beaver plews, zero degrees latitude, and gold.",Unclear
Franz Josef Land,80.6174336,60.70770134579547,"If I can get up a pinochle game, a little three-hand cutthroat for half a penny a point and a bottle of wine, fine; if not I’ll spend these southern nights caught in the pack off Franz Josef Land, or casting for arctic char.",Unclear
Shadyside,29.72337285,-95.39406979167195,"The school was in Shadyside, a busy residential part of Pittsburgh.",Unclear
Corinth,34.9343599,-88.5223353,A Sicyonian potter came to Corinth.,Unclear
Chirico,40.1907152,16.0763475,"“Nostalgia of the Infinite,” di Chirico: cast shadows stream across the sunlit courtyard, gouging canyons.",Unclear
Dead Man,8.2680928,98.4892992,"Shadow Creek is the blue subterranean stream that chills Carvin’s Creek and Tinker Creek; it cuts like ice under the ribs of the mountains, Tinker and Dead Man.",Unclear
Los Angeles,34.0536909,-118.242766,"At the Los Angeles La Brea tar pits, they dip their abdomens into the reeking tar and get stuck.",Unclear
La Brea,-4.70682235,-81.08562684961461,"At the Los Angeles La Brea tar pits, they dip their abdomens into the reeking tar and get stuck.",Unclear
Osage,38.4637283,-91.8708392,I stood on the frozen grass under the Osage orange.,Unclear
Osage,38.4637283,-91.8708392,"Downstream the live water before me stills, dies suddenly as if extinguished, and vanishes around a bend shaded summer and winter by overarching tulips, locusts, and Osage orange.",Unclear
Osage,38.4637283,-91.8708392,"I would like to see it all, to understand it, but I must start somewhere, so I try to deal with the giant water bug in Tinker Creek and the flight of three hundred redwings from an Osage orange, with the goldfish bowl and the snakeskin, and let those who dare worry about the birthrate and population explosion among solar systems.",Unclear
Thule,77.4686357,-69.2222746,"It is mystery itself, and mystery is the ancients’ ultima Thule, the modern explorers’ Point of Relative Inaccessibility, that boreal point most distant from all known lands.",Unclear
aurora,41.7571701,-88.3147539,The rutted clay is frozen tonight in shards; its scarps loom in the slanting light like pressure ridges in ice under aurora.,Unclear
Uranus,44.4222156,26.0820917,"I think of our own solar system, of the five mute moons of Uranus—Ariel, Umbriel, Titania, Oberon, Miranda—spinning in their fixed sleep of thralldom.",Mentally present
Ariel,32.1060817,35.1851368,"I think of our own solar system, of the five mute moons of Uranus—Ariel, Umbriel, Titania, Oberon, Miranda—spinning in their fixed sleep of thralldom.",Mentally present
Umbriel,-21.8275101,-138.8730759,"I think of our own solar system, of the five mute moons of Uranus—Ariel, Umbriel, Titania, Oberon, Miranda—spinning in their fixed sleep of thralldom.",Mentally present
Titania,37.9830468,23.73094903096809,"I think of our own solar system, of the five mute moons of Uranus—Ariel, Umbriel, Titania, Oberon, Miranda—spinning in their fixed sleep of thralldom.",Mentally present
Titania,37.9830468,23.73094903096809,What is this Titan that has possession of me?,Unclear
Oberon,47.923055,-99.2040184,"I think of our own solar system, of the five mute moons of Uranus—Ariel, Umbriel, Titania, Oberon, Miranda—spinning in their fixed sleep of thralldom.",Mentally present
Peru,-6.8699697,-75.0458515,"We still very much stress the simple fact of four seasons to schoolchildren; even the most modern of modern new teachers, who don’t seem to care if their charges can read or write or name two products of Peru, will still muster some seasonal chitchat and set the kids to making paper pumpkins, or tulips, for the walls.",Unclear
Peru,-6.8699697,-75.0458515,"In the montana in Peru, on the rain-forested slopes of the Andes, a woman kneels in a dust clearing before a dark shelter of overlapping broad leaves; between her breasts hangs a cross of smooth sticks she peeled with her teeth and lashed with twistings of vine.",Unclear
Lexington,38.0464066,-84.4970393,"I am dazed from a long day of interstate driving homeward; I pull in at a gas station in Nowhere, Virginia, north of Lexington.",Unclear
Grundy,41.2747363,-88.4119361,"The road to Grundy, Virginia, is, as you might expect, a narrow scrawl scribbled all over the most improbably peaked and hunched mountains you ever saw.",Physically present
Rome,41.8933203,12.4829321,"In ancient Rome men honored the sycamore—in the form of its cousin, the Oriental plane—by watering its roots with wine.",Likely physically present (positive sentiment)
Persia,32.6475314,54.5643516,You are Xerxes in Persia.,Unclear
Persia,32.6475314,54.5643516,"I am in Persia, trying to order a watermelon in German.",Unclear
Persia,32.6475314,54.5643516,"If I could remember to press the knob on the stop-watch, I wouldn’t be in Persia.",Unclear
Washington,38.8950368,-77.0365427,"It appears complete, in full color, wordless, though already receding: the tennis courts on Fifth Avenue in Pittsburgh, an equestrian statue in a Washington park, a basement dress shop in New York City—scenes that I thought meant nothing to me.",Mentally present
New York City,40.7127281,-74.0060152,"It appears complete, in full color, wordless, though already receding: the tennis courts on Fifth Avenue in Pittsburgh, an equestrian statue in a Washington park, a basement dress shop in New York City—scenes that I thought meant nothing to me.",Mentally present
northland,-35.3755091,173.9470106440683,"Somewhere, someone under full sail is becalmed, in the horse latitudes, in the doldrums; in the northland, a trapper is maddened, crazed, by the eerie scent of the chinook, the sweater, a wind that can melt two feet of snow in a day.",Unclear
Andes,5.6555942,-75.8778448,"In the montana in Peru, on the rain-forested slopes of the Andes, a woman kneels in a dust clearing before a dark shelter of overlapping broad leaves; between her breasts hangs a cross of smooth sticks she peeled with her teeth and lashed with twistings of vine.",Unclear
Squirrel Hill,29.8185797,-81.440077,"You stand in their dimness, where the very light is blue, staring unfocused at the thickest part of the trunk as though it were a long, dim tunnel—: the Squirrel Hill tunnel.",Unclear
Pennsylvania,40.9699889,-77.7278831,"In the same way, having bored through a sycamore trunk and tunneled beneath a Pennsylvania mountain, I blink, awed by the yellow light, and find myself in a shady side of town, in a stripped dining room, dancing, years ago.",Unclear
Pennsylvania,40.9699889,-77.7278831,"One child was collecting them in a Thermos mug to take home to Lancaster, Pennsylvania, to feed an ailing cayman.",Unclear
Pennsylvania,40.9699889,-77.7278831,"Later Agnes would move on up into Maryland, Pennsylvania, and New York, killing people and doing hundreds of millions of dollars worth of damage.",Unclear
Pennsylvania,40.9699889,-77.7278831,"But it hit Pennsylvania twice, coming and going.",Unclear
Pennsylvania,40.9699889,-77.7278831,"I talked to one of the helicopter pilots who had helped airlift ancient corpses from a flooded cemetery in Wilkes-Barre, Pennsylvania.",Unclear
the Roanoke River,,,"Tinker Creek doesn’t back up, pushed up its own craw, from the Roanoke River; it flows down, easing, from the northern, unseen side of Tinker Mountain.",Unclear
Appalachians,35.75,-82.25,"If you want to find a species wholly new to science and have your name inscribed Latinly in some secular version of an eternal rollbook, then your best bet is to come to the southern Appalachians, climb some obscure and snakey mountain where, as the saying goes, “the hand of man has never set foot,” and start turning over rocks.",Likely physically present (positive sentiment)
Appalachians,35.75,-82.25,"In these Appalachians we have found a coal bed with 120 seams, meaning 120 forests that just happened to fall into water, heaped like corpses in drawers.",Unclear
The Peaks of Otter,,,"The Peaks of Otter on the Blue Ridge Parkway produce their own unique species, black and spotted in dark gold; the rangers there keep a live one handy by sticking it in a Baggie and stowing it in the refrigerator, like a piece of cheese.",Unclear
the Allegheny Mountains,,,"
Once I was camped “alone” at Douthat State Park in the Allegheny Mountains near here, and spent the greater part of one afternoon watching children and newts.",Unclear
Lancaster,40.0379958,-76.3056707,"One child was collecting them in a Thermos mug to take home to Lancaster, Pennsylvania, to feed an ailing cayman.",Unclear
the Northwest Territories,69.4508641,-133.0367938,"I’ll go to the Northwest Territories, I thought, Finland.",Mentally present
Finland,63.2467777,25.9209164,"I’ll go to the Northwest Territories, I thought, Finland.",Mentally present
Alaska,64.4459613,-149.680909,"I’ll go to Alaska, Greenland.",Unclear
Alaska,64.4459613,-149.680909,"In interior Alaska and northern Canada, breakup is the big event.",Unclear
Yukon,63.000147,-136.002502,"Little America, the Yukon….",Unclear
Diomede Island,65.75478685,-168.92670957173902,The walrus are migrating; Diomede Island Eskimos follow them in boats through the Bering Strait.,Unclear
the Bering Strait,,,The walrus are migrating; Diomede Island Eskimos follow them in boats through the Bering Strait.,Unclear
Netsilik,69.25006830000001,-93.1131935171588,"All the Netsilik hunter has to do in spring is go out at midnight, watch a seal disappear into a given hole, and wait there quietly in the brief twilight, on a spread piece of bearskin.",Unclear
the May valley,30.1752206,-95.5903661,"Here in the May valley, fullness is at a peak.",Unclear
Christiansburg,37.1298517,-80.4089389,"If you ever drive through Virginia on the new interstate highway between Christiansburg and Salem, and you feel a slight dip in the paving under your wheels, then loose thy shoe from off thy foot, for the place whereon thou drivest is Jean White’s horse.",Unclear
Salem,44.9391565,-123.033121,"If you ever drive through Virginia on the new interstate highway between Christiansburg and Salem, and you feel a slight dip in the paving under your wheels, then loose thy shoe from off thy foot, for the place whereon thou drivest is Jean White’s horse.",Unclear
Roanoke,37.270973,-79.9414313,"It was very simple; I went to a store in Roanoke called “Wet Pets”; I handed the man a quarter, and he handed me a knotted plastic bag bouncing with water in which a green plant floated and the goldfish swam.",Unclear
Breughel,51.0367947,3.7420272,"We go down landscape after mobile, sculpture after collage, down to molecular structures like a mob dance in Breughel, down to atoms airy and balanced as a canvas by Klee, down to atomic particles, the heart of the matter, as spirited and wild as any El Greco saints.",Likely physically present (positive sentiment)
earth,34.2331373,-102.4107493,But here on earth texture interests us supremely.,Likely physically present (positive sentiment)
Alps,45.90832625,9.14206277607072,"In the eighteenth century, when educated European tourists visited the Alps, they deliberately blindfolded their eyes to shield themselves from the evidence of the earth’s horrid irregularity.",Physically present
Alps,45.90832625,9.14206277607072,"But here we live and move; we wander up and down the banks of the creek, we ride a railway through the Alps, and the landscape shifts and changes.",Physically present
Saturn,41.0347692,-85.3555305,"Were the earth as smooth as a ball bearing, it might be beautiful seen from another planet, as the rings of Saturn are.",Likely physically present (positive sentiment)
the Severn Bore,51.8362333,-2.3574293,"They should train their cameras instead on the melting of pack ice, the green filling of ponds, the tidal swing of the Severn Bore.",Unclear
Alpha Centauri,29.37833535,-98.74107375,People say that a good seat in the backyard affords as accurate and inspiring a vantage point on the planet earth as any observation tower on Alpha Centauri.,Likely physically present (positive sentiment)
Mount Katahdin,45.9043613,-68.9212772,"Thoreau climbs Mount Katahdin and gives vent to an almost outraged sense of the reality of the things of this world: “I fear bodies, I tremble to meet them.",Unclear
Egypt,26.2540493,29.2675469,"Jacob set out for Canaan with his wives and twelve sons, the fathers of the twelve tribes of Israel, and with these cattle that are Israel’s heritage, into Egypt and out of Egypt, just as the intricate speckled and spotted world is ours.",Unclear
Egypt,26.2540493,29.2675469,"Jacob set out for Canaan with his wives and twelve sons, the fathers of the twelve tribes of Israel, and with these cattle that are Israel’s heritage, into Egypt and out of Egypt, just as the intricate speckled and spotted world is ours.",Unclear
Baltimore,39.2908816,-76.610759,Baltimore orioles are here; brown thrashers seem to be nesting down by Tinker Creek across the road.,Unclear
Tara,43.0806647,19.3772932,"The long-haired girls strayed into giggling clumps at the corner of the road; the garbage trucks sped away gloriously, as if they had been the Tarleton twins on thoroughbreds cantering away from the gates of Tara.",Likely physically present (positive sentiment)
Richmond,37.5385087,-77.43428,"On the same day that I was standing on bridges here over Tinker Creek, a friend, Lee Zacharias, was standing on a bridge in Richmond over the James River.",Unclear
Richmond,37.5385087,-77.43428,"Lee knew, all of Richmond knew: it was coming.",Unclear
the James River,45.5703064,-62.1314351,"On the same day that I was standing on bridges here over Tinker Creek, a friend, Lee Zacharias, was standing on a bridge in Richmond over the James River.",Unclear
the James River,45.5703064,-62.1314351,"The James River was up a mere nine feet, which didn’t look too unusual.",Unclear
James,42.5769998,-96.3175778,There the James ultimately rose thirty-two feet.,Unclear
Maryland,39.5162401,-76.9382069,"Later Agnes would move on up into Maryland, Pennsylvania, and New York, killing people and doing hundreds of millions of dollars worth of damage.",Unclear
Wilkes-Barre,41.2464824,-75.8817316,"I talked to one of the helicopter pilots who had helped airlift ancient corpses from a flooded cemetery in Wilkes-Barre, Pennsylvania.",Unclear
Vietnam,15.9266657,107.9650855,"The one I talked to, in a little sandwich shop at the Peaks of Otter on the Blue Ridge Parkway, preferred Vietnam.",Unclear
